News_Title,News_Link
"Exclusive ""Apple Must Say If Devices Secure,"" Says Minister On 'Hacking' Row",https://www.ndtv.com/india-news/exclusive-apple-must-say-if-devices-secure-says-minister-on-hacking-row-4531544#pfrom=home-ndtv_bigstory
Congress Leader Defends Deepika Padukone Over 'Koffee With Karan' Remarks,https://www.ndtv.com/india-news/deepika-padukone-ranveer-singh-karan-johar-open-relationship-casual-dating-supriya-shrinate-congress-leader-defends-deepika-padukone-amid-row-over-dat-4530978#pfrom=home-ndtv_topstories
"Opinion If Arvind Kejriwal Is Arrested, Who Will Lead AAP?",https://www.ndtv.com/opinion/if-arvind-kejriwal-is-arrested-who-will-lead-aap-4531540#pfrom=home-ndtv_topstories
Kanpur Teen Murdered Allegedly By Teacher's Boyfriend. Then A Ransom Note,https://www.ndtv.com/india-news/kanpur-boy-17-allegedly-murdered-by-his-teachers-lover-motive-unknown-4530705#pfrom=home-ndtv_topstories
Major 'White Hydrogen' Deposit Found In France. How It Could Save The World,https://www.ndtv.com/science/major-white-hydrogen-deposit-found-in-france-heres-how-it-could-revolutionise-the-world-4532198#pfrom=home-ndtv_topstories
"Why India Still Have Not Qualified For Semi,Finals Of World Cup 2023",https://sports.ndtv.com/icc-cricket-world-cup-2023/why-india-still-have-not-qualified-for-the-semi-finals-of-icc-cricket-world-cup-2023-4527698#pfrom=home-ndtv_topstories
"Manipur Police Officer Shot By Sniper At State,BSF Helipad Site In Moreh",https://www.ndtv.com/india-news/manipur-police-officer-chingtham-anand-shot-by-insurgent-sniper-at-state-bsf-helipad-site-in-moreh-4531431#pfrom=home-ndtv_topstories
This Star Batter's World Cup Spot In Danger Once Pandya Returns Report,https://sports.ndtv.com/icc-cricket-world-cup-2023/indian-cricket-team-star-shreyas-iyers-world-cup-spot-in-danger-once-hardik-pandya-returns-report-4527635#pfrom=home-ndtv_topstories
"""Exactly What Kapil Used To Do..."" Gavaskar's Sensational Take On Shami",https://sports.ndtv.com/icc-cricket-world-cup-2023/exactly-what-kapil-dev-used-to-do-sunil-gavaskars-sensational-take-on-mohammed-shami-4527658#pfrom=home-ndtv_topstories
"Kerala Serial Blasts Accused Spent Just Rs 3,000 To Make Bombs Sources",https://www.ndtv.com/india-news/dominic-martin-kerala-blasts-kerala-serial-blasts-accused-spent-just-rs-3-000-to-make-bombs-sources-4530183#pfrom=home-ndtv_topstories
"Opinion Beyond The Boundary, The Pakistani YouTubers Winning India's Heart",https://www.ndtv.com/opinion/beyond-the-boundary-the-pakistani-youtubers-winning-indias-heart-4526593#pfrom=home-ndtv_topstories
"Manipur Police Commandos, Sent As Reinforcements After Cop Was Shot, Ambushed",https://www.ndtv.com/india-news/manipur-police-commandos-sent-as-reinforcements-to-moreh-ambushed-by-suspected-insurgents-4532274#pfrom=home-ndtv_topscroll
"""When I Was In Trouble..."" Out On Bail, Chandrababu Naidu's Message",https://www.ndtv.com/india-news/chandrababu-naidu-bail-andhra-pradesh-skill-development-scam-when-i-was-in-trouble-out-on-bail-chandrababu-naidus-message-4531818#pfrom=home-ndtv_topscroll
"""Not Happy, Probe On"" Minister On Alleged Leak Of Indians' Private Data",https://www.ndtv.com/india-news/aadhaar-data-breach-rajeev-chandrasekhar-not-happy-probe-on-minister-on-alleged-leak-of-indians-private-data-4532266#pfrom=home-ndtv_topscroll
"Air India, Akasa CEOs Exchange Barbs Over Poaching Of Pilots Report",https://www.ndtv.com/business/campbell-wilson-vinay-dube-air-india-akasa-ceos-exchange-barbs-over-poaching-of-pilots-report-4530752#pfrom=home-ndtv_topscroll
Israel Targets Hamas Tunnels In Gaza As Ground Operations Expand,https://www.ndtv.com/world-news/israel-hamas-war-palestine-gaza-300-targets-hit-in-a-day-israels-latest-update-on-war-with-hamas-4530622#pfrom=home-ndtv_topscroll
"Video Punches, Kicks Fly As Mob Thrashes Uttar Pradesh Cop",https://www.ndtv.com/india-news/video-punches-kicks-fly-as-mob-thrashes-uttar-pradesh-cop-4532043#pfrom=home-ndtv_topscroll
"Dog In Noida Apartment Lift Leads To Massive Fight Between Man, Woman",https://www.ndtv.com/noida-news/dog-in-noida-apartment-lift-leads-to-massive-fight-between-man-woman-4530143#pfrom=home-ndtv_lateststories
"""Will Never Play Akshay Kumar's Mother Ever Again In Life"" Shefali Shah",https://www.ndtv.com/entertainment/shefali-shah-says-ill-never-play-akshay-kumars-mother-ever-again-in-my-life-4531339#pfrom=home-ndtv_lateststories
"Babar Azam's Team Snubs Dinner At Hotel, Went Online And Ordered...",https://sports.ndtv.com/icc-cricket-world-cup-2023/pakistan-players-skip-dinner-at-hotel-order-this-from-food-delivery-app-4529974#pfrom=home-ndtv_lateststories
"""Number Nahi Diya"" Nagaland Minister Shares Funny Note From IndiGo Crew",https://www.ndtv.com/offbeat/nagaland-minister-temjen-imna-shares-funny-note-from-indigo-crew-4532235#pfrom=home-ndtv_lateststories
Wasim Akram Settles 'Bumrah vs Shaheen' Debate Once And For All,https://sports.ndtv.com/icc-cricket-world-cup-2023/wasim-akram-drops-ultimate-more-lethal-than-pak-bowlers-remark-in-praise-for-jasprit-bumrah-4527028#pfrom=home-ndtv_lateststories
Give Money Or No Wife China's Controversial Wedding Tradition Goes Viral,https://www.ndtv.com/offbeat/give-money-or-no-wife-chinas-controversial-wedding-tradition-goes-viral-4532073#pfrom=home-ndtv_lateststories
"Bigg Boss 17 ""He Suddenly Disappeared"", Ankita On Break Up With Sushant",https://www.ndtv.com/entertainment/bigg-boss-17-ankita-lokhande-on-her-break-up-with-sushant-singh-rajput-4530764#pfrom=home-ndtv_lateststories
"Exclusive The World Must Act Now On AI, By Rishi Sunak",https://www.ndtv.com/opinion/exclusive-the-world-must-act-now-on-ai-by-rishi-sunak-4528025#pfrom=home-ndtv_opinion
"Opinion Why The 650,km Biju Expressway Is Key For Odisha's Development",https://www.ndtv.com/opinion/why-the-650-km-biju-expressway-is-key-for-odishas-development-4530312#pfrom=home-ndtv_opinion
"Opinion India's Got Talent, Where Are They Headed?",https://www.ndtv.com/opinion/indias-got-talent-where-are-they-headed-4520561#pfrom=home-ndtv_opinion
"''Only 52 Days...'' Comedian Breaks Down The Math Of 70,Hour Work Week Tip",https://www.ndtv.com/offbeat/only-52-days-for-yourself-comedian-hilariously-breaks-down-the-math-of-70-hour-work-week-tip-4531290#pfrom=home-ndtv_featured
"WC 2023 Live Shafique, Fakhar Slam 50s; Pakistan In Control vs Bangladesh",https://sports.ndtv.com/cricket/pakistan-vs-bangladesh-live-score-updates-icc-cricket-world-cup-2023-pak-vs-ban-live-4530378#pfrom=home-ndtv_worldcup
World Cup Semis Scenario How Pakistan Can Still Finish In Top 4 Spots,https://sports.ndtv.com/icc-cricket-world-cup-2023/how-can-pakistan-qualify-for-the-semi-finals-of-icc-cricket-world-cup-2023-4527213#pfrom=home-ndtv_worldcup
"Ravi Shastri's Blunt One,Liner On ""Difference Between India And England""",https://sports.ndtv.com/icc-cricket-world-cup-2023/you-call-yourselves-world-champions-shastri-blasts-englands-cricket-world-cup-2023-show-4527776#pfrom=home-ndtv_worldcup
Pakistan Coach Blames 'Foreign Conditions' In India For World Cup Debacle,https://sports.ndtv.com/icc-cricket-world-cup-2023/pakistan-coach-blames-foreign-conditions-in-india-for-cricket-world-cup-debacle-4528264#pfrom=home-ndtv_worldcup
Cricket World Cup 2023 India Defeat England To Continue Unbeaten Streak,https://sports.ndtv.com/icc-cricket-world-cup-2023/photos/cricket-world-cup-2023-india-beat-england-to-continue-unbeaten-streak-106319#pfrom=home-ndtv_worldcup
"WC 2023 Virat Kohli, Mohammed Shami Guide India To Fifth Consecutive Win",https://sports.ndtv.com/icc-cricket-world-cup-2023/photos/cricket-world-cup-2023-virat-kohli-mohammed-shami-guide-india-to-fifth-consecutive-win-106281#pfrom=home-ndtv_worldcup
ODI World Cup Virat Kohli's 48th ODI Ton Guides India To 4th Consecutive Win,https://sports.ndtv.com/icc-cricket-world-cup-2023/photos/odi-world-cup-virat-kohlis-48th-odi-ton-guides-india-to-4th-consecutive-win-106264#pfrom=home-ndtv_worldcup
IND vs PAK India Beat Pakistan For 8th Consecutive Time In ODI World Cup,https://sports.ndtv.com/icc-cricket-world-cup-2023/photos/ind-vs-pak-india-beat-pakistan-for-8th-consecutive-time-in-odi-world-cup-106229#pfrom=home-ndtv_worldcup
World Cup 2023 | Are Rohit Sharma's Men At Par With Ponting's 2003 Winners?,https://sports.ndtv.com/icc-cricket-world-cup-2023/videos/world-cup-2023-are-rohit-sharma-s-men-at-par-with-ponting-s-2003-winners-735344#pfrom=home-ndtv_worldcup
"India Beat England, Fans Celebrate In Lucknow",https://sports.ndtv.com/icc-cricket-world-cup-2023/videos/cricket-world-cup-india-beat-england-fans-celebrate-in-lucknow-735244#pfrom=home-ndtv_worldcup
"India Beat England By 100 Runs To All But Enter Semi,Finals",https://sports.ndtv.com/icc-cricket-world-cup-2023/videos/cricket-world-cup-india-beat-england-by-100-runs-to-all-but-enter-semi-finals-735231#pfrom=home-ndtv_worldcup
"England Not Prepared For World Cup, India A Complete Side",https://sports.ndtv.com/icc-cricket-world-cup-2023/videos/world-cup-2023-england-not-prepared-for-world-cup-india-a-complete-side-735161#pfrom=home-ndtv_worldcup
"""My Wife Works In Sports Media, I Heard..."" Bumrah Shuts Down Critics",https://sports.ndtv.com/icc-cricket-world-cup-2023/my-wife-works-in-sports-media-i-heard-jasprit-bumrah-shuts-down-critics-4527557#pfrom=home-ndtv_icymi
"When Saira Banu Recited ""An English Line"" During The Junglee Preparation",https://www.ndtv.com/entertainment/saira-banu-completes-62-years-in-industry-4531683#pfrom=home-ndtv_icymi
Tania Shroff Goes As Indian Pop Culture Icon The Nirma Girl For Halloween,https://www.ndtv.com/lifestyle/in-a-printed-white-frock-tania-shroff-goes-as-pop-cult-indian-brand-icon-the-washing-powder-nirma-girl-for-her-halloween-2023-costume-4530707#pfrom=home-ndtv_icymi
Watch Boy Faints Under Pune Sun During Sri Lanka Anthem At WC Game,https://sports.ndtv.com/icc-cricket-world-cup-2023/boy-faints-under-pune-sun-during-sri-lanka-anthem-at-cricket-world-cup-game-vs-afghanistan-watch-4529013#pfrom=home-ndtv_icymi
"Make Viral 5,Min Instant Noodles, Save Big On Ingredients On Big Bonus App",https://www.ndtv.com/big-bonus/make-viral-5-minute-instant-noodles-and-save-up-to-20-on-ingredients-from-big-bonus-app-4531904#pfrom=home-ndtv_icymi
"कमलनाथ के बयान पर भड़के शिवराज, बोले, ""मुझे गालियां दो, एमपी का तो अपमान मत करो""",https://mpcg.ndtv.in/assembly-elections/mp-election-2023-on-kamal-naths-statement-about-shattering-state-shivraj-said-abuse-me-why-do-you-insult-madhya-pradesh-4530712#pfrom=home-ndtv_mpcg_ndtv.in
"CG Election 2023 चुनाव आयोग की बड़ी कार्रवाई, अब तक 38 करोड़ से अधिक के कैश, शराब व जेवरात जब्त",https://mpcg.ndtv.in/chhattisgarh-news/chhattisgarh-assembly-election-election-commission-officers-sizes-cash-and-goods-worth-thirty-eight-crores-plus-4530781#pfrom=home-ndtv_mpcg_ndtv.in
"जीत के लिए ग्वालियर में अमित शाह ने दिए चार मंत्र, कहा, 'रूठों पर मत करो ऊर्जा बर्बाद'",https://mpcg.ndtv.in/madhya-pradesh-news/mp-election-2023-amit-shah-gave-four-tips-for-victory-gwalior-said-dont-waste-energy-on-getting-angry-4530605#pfrom=home-ndtv_mpcg_ndtv.in
Kriti Kharbanda Birthday बोनी से फिल्मी दुनिया में रखा कदम... जानें कैसा रहा कृति खरबंदा का बॉलीवुड सफर,https://mpcg.ndtv.in/photos/kriti-kharbanda-birthday-boney-entered-the-film-world-know-how-was-actress-bollywood-journey-106315#pfrom=home-ndtv_mpcg_ndtv.in
"हाथ में राघव के नाम का चूड़ा, चेहरे पर मुस्कान... देखिए परिणीति चोपड़ा की प्री,वेडिंग फंक्शन की अनसीन Photo",https://mpcg.ndtv.in/photos/parineeti-chopra-raghav-chadha-haldi-ceremony-see-this-unseen-photo-pre-wedding-function--106303#pfrom=home-ndtv_mpcg_ndtv.in
"Hema Malin ने शेयर कीं अपने बर्थडे के खास पल, कहा, ये मेरे जीवन का एक प्लैटिनम दिन था",https://mpcg.ndtv.in/photos/hema-malini-shared-special-moments-of-her-birthday-big-stars-were-present-106251#pfrom=home-ndtv_mpcg_ndtv.in
Onion Price Hike क्या दिवाली 2023 से पहले फूटेगा प्याज का बम ?,https://mpcg.ndtv.in/videos/onion-price-hike-will-onion-bomb-explode-before-diwali-2023-735301#pfrom=home-ndtv_mpcg_ndtv.in
Chhattisgarh Election 2023 चुनाव को लेकर क्या है चित्रकोट के लोगों को मूड?,https://mpcg.ndtv.in/videos/chhattisgarh-election-2023-what-is-the-mood-of-the-people-of-chitrakot-regarding-the-elections-735306#pfrom=home-ndtv_mpcg_ndtv.in
MP Elections 2023 चुनाव को लेकर क्या है बालाघाट के लांजी सीट पर लोगों का मूड,https://mpcg.ndtv.in/videos/mp-elections-2023-what-is-the-mood-of-the-people-in-lanji-seat-of-balaghat-regarding-the-elections-735314#pfrom=home-ndtv_mpcg_ndtv.in
"7.12 करोड़ की संपत्ति के मालिक हैं सचिन पायलट, बीते 5 साल में 6 गुना बढ़ा कैश",https://rajasthan.ndtv.in/rajasthan-news/sachin-pilot-net-worth-sachin-pilot-owns-property-worth-rs-7-12-crore-cash-increased-6-times-in-last-5-years-4531513#pfrom=home-ndtv_raj_ndtv.in
"राजस्थान चुनावः कांग्रेस चुनाव समिति की बैठक समाप्त, प्रत्याशियों की लिस्ट पर आई यह अपडेट",https://rajasthan.ndtv.in/rajasthan-news/congress-central-election-committee-meeting-regarding-rajasthan-elections-ends-forth-candidates-list-will-declared-soon-4531855#pfrom=home-ndtv_raj_ndtv.in
"इंजीनियरिंग छोड़ शुरू की आर्गेनिक खेती, गाय के गोबर से बने दीयों की जबर्दस्त है डिमांड",https://rajasthan.ndtv.in/rajasthan-news/left-engineering-and-started-organic-farming-lamps-made-from-cow-dung-are-in-great-demand-during-diwali-pm-modi-has-also-praised-him-4532187#pfrom=home-ndtv_raj_ndtv.in
"राजस्थान में पहली बार देखी गई नई प्रजाति की व्हाइट,ब्रोड बुलबुल, जैव विविधता में हो रहा इजाफा",https://rajasthan.ndtv.in/photos/devotional-atmosphere-in-salasar-balaji-dham-on-sharad-purnima-106311#pfrom=home-ndtv_raj_ndtv.in
शरद पूर्णिमा पर सालासर बालाजी धाम में भक्ति का माहौल,https://rajasthan.ndtv.in/photos/devotional-atmosphere-in-salasar-balaji-dham-on-sharad-purnima-106311#pfrom=home-ndtv_raj_ndtv.in
"ED की कार्रवाई के विरोध में NSUI का उग्र प्रदर्शन, PM मोदी का पुतला फूंका, रोकीं अधिकारियों की गाड़ियां",https://rajasthan.ndtv.in/photos/nsuis-fierce-protest-against-ed-action-burnt-pm-modis-effigy-stopped-officers-vehicles-106308#pfrom=home-ndtv_raj_ndtv.in
Rajasthan Election चुनाव को लेकर चुरू के युवा वोटर्स का क्या है मूड ?,https://rajasthan.ndtv.in/videos/rajasthan-election-what-is-the-mood-of-the-young-voters-of-churu-regarding-the-elections-735559#pfrom=home-ndtv_raj_ndtv.in
"देवजी पटेल और नरपत सिंह के विरोध में बगावत, ये नेता करेंगे शक्ति प्रदर्शन",https://rajasthan.ndtv.in/videos/revolt-against-devji-patel-and-narpat-singh-these-leaders-will-show-strength-735535#pfrom=home-ndtv_raj_ndtv.in
"Rajasthan गहलोत सरकार का राज्यकर्मियों को बड़ा तोहफा, 4% बढ़ गया डीए",https://rajasthan.ndtv.in/videos/rajasthan-gehlot-government-s-big-gift-to-state-employees-da-increased-by-4-735529#pfrom=home-ndtv_raj_ndtv.in
"Here's How to Get iPhone 14 Under Rs. 50,000 During Flipkart Big Diwali Sale",https://www.gadgets360.com/internet/news/iphone-14-rs-49999-flipkart-big-diwali-sale-deal-bank-offers-how-it-works-4531220
OnePlus Open First Impressions It's Finally Here!,https://www.gadgets360.com/mobiles/reviews/oneplus-open-first-impressions-foldable-price-specifications-india-4496094
"Apple लाई नए मैकबुक, 16 इंच डिस्‍प्‍ले, 22 घंटों की बैटरी लाइफ, जानें दाम",https://hindi.gadgets360.com/pc-laptop/apple-new-macbook-pro-price-in-india-starts-rs-169900-with-m3-chips-16-inch-display-22-hours-battery-life-news-4530258
Amazon Great Indian Festival Sale 2023 Best Milk Frothers To Shop For Creamy Mouthfeel,https://hotdeals360.com/events/amazon-great-indian-festival-sale-2023-best-milk-frothers-to-shop-for-creamy-mouthfeel-4529435
"""You Are The Glamour"" When A Director Told Zeenat Aman",https://www.ndtv.com/entertainment/when-a-director-said-to-zeenat-aman-you-are-the-glamour-the-internet-approves-4530307#pfrom=home-ndtv_movies
"Ram Charan, Allu Arjun At Varun,Lavanya's Cocktail",https://www.ndtv.com/entertainment/viral-ram-charan-allu-arjun-at-varun-tej-lavanya-tripathis-cocktail-night-4530554#pfrom=home-ndtv_movies
"""Gone Too Soon"" To Matthew Perry, From Salma Hayek",https://www.ndtv.com/entertainment/salma-hayek-talks-about-her-special-bond-with-matthew-perry-4530134#pfrom=home-ndtv_movies
"Sunny Deol To Team Up With Abbas,Mustan Report",https://www.ndtv.com/entertainment/sunny-deol-to-team-up-with-abbas-mustan-for-the-first-time-report-4531054#trendingnow#pfrom=home-ndtv_movies
Ananya's Birthday Pics Get Big Love From Ranveer Singh,https://www.ndtv.com/entertainment/ananya-pandays-birthday-pics-from-maldives-get-big-love-from-ranveer-singh-ayushmann-khurrana-4530116#pfrom-movies-topstories#pfrom=home-ndtv_movies
"लौहपुरुष सरदार पटेल की जयंती पर पीएम मोदी ने स्टैच्यू ऑफ यूनिटी पर दी श्रद्धांजलि, एकता की ली शपथ",https://ndtv.in/india/pm-narendra-modi-pay-tributes-sardar-vallabhbhai-patel-on-birth-anniversary-4529924#pfrom=home-ndtv_khabar-ndtvhp
"बिहार किराना दुकान से बिस्किट और कुरकुरे चोरी के आरोप में 4 नाबालिग की पिटाई, घंटों खंभे में बांध कर रखा",https://ndtv.in/india/mob-brutally-thrashes-4-minor-boys-on-suspicion-of-stealing-biscuits-and-chips-in-begusarai-bihar-4529886#pfrom=home-ndtv_khabar-ndtvhp
"मैट्रिमोनियल साइट पर महिला से मिला शख्स, शादी का झांसा देकर किया यौन शोषण, केस दर्ज",https://ndtv.in/india/man-meets-woman-on-matrimonial-site-sexually-exploits-her-and-threatening-to-release-her-personal-photos-and-videos-case-filed-4530007#pfrom=home-ndtv_khabar-ndtvhp
"भारत ने चीन, पाक सीमा पर एस,400 मिसाइल यूनिट तैनात की, जल्द रूसी अधिकारियों संग बैठक",https://ndtv.in/india/india-deploys-three-s-400-missile-units-on-china-pakistan-border-4529881#pfrom=home-ndtv_khabar-ndtvhp
Watch Rashid's Speech That Propelled Afghanistan To Win Over Sri Lanka,https://sports.ndtv.com/icc-cricket-world-cup-2023/rashid-khans-inspiring-speech-that-propelled-afghanistan-to-victory-over-sri-lanka-watch-4530177#pfrom=home-ndtv_cricket
"""I'm 100% Kiwi And Proud Of..."" NZ Star Rachin Ravindra On 'Indian Roots'",https://sports.ndtv.com/icc-cricket-world-cup-2023/im-100-kiwi-and-proud-of-new-zealand-star-rachin-ravindra-on-his-indian-roots-4524356#pfrom=home-ndtv_cricket
Waqar Younis Fumes As Babar Azam's Alleged WhatsApp Chat Is Leaked,https://sports.ndtv.com/icc-cricket-world-cup-2023/this-is-pathetic-waqar-younis-fumes-as-alleged-babar-azam-chat-is-leaked-on-tv-social-media-4527337#pfrom=home-ndtv_cricket
"""England Can Still Qualify..."" Jaffer Pokes Vaughan, Mocks Buttler's Team",https://sports.ndtv.com/icc-cricket-world-cup-2023/england-can-still-qualify-wasim-jaffer-pokes-michael-vaughan-hilariously-mocks-defending-champions-4527551#pfrom=home-ndtv_cricket
"X User Receives Kitchen Chimney Ordered Online In Pieces, Flipkart Responds",https://food.ndtv.com/news/x-user-receives-kitchen-chimney-ordered-online-in-pieces-flipkart-responds-4530760#pfrom=home-ndtv_recipes
Ramen Or Noodles? No More Confusion! Know Main Differences Between The Two,https://www.ndtv.com/food/ramen-or-noodles-no-more-confusion-know-main-differences-between-the-two-4530855#pfrom=home-ndtv_recipes
Tried Everything To Boost Immunity? These 12 Easy Diet Changes Will Not Fail You,https://food.ndtv.com/health/tried-everything-to-boost-immunity-these-12-easy-diet-changes-will-not-fail-you-4530721#pfrom=home-ndtv_recipes
6 Restaurants And Cafes In Delhi's Dhan Mill Compound That You Must Try,https://food.ndtv.com/food-drinks/6-delicious-eateries-in-delhis-dhan-mill-compound-that-every-foodie-must-try-4530166#pfrom=home-ndtv_recipes
"Alaya In A Sheer Red Dress Is Already Thinking Of ""Santa Szn""",https://www.ndtv.com/lifestyle/before-diwali-2023-even-arrives-alaya-furniturwalla-in-a-sheer-red-bodycon-dress-is-already-thinking-of-santa-szn-4530651#pfrom=home-ndtv_lifestyle
Tania Shroff Goes As Pop Culture Indian Icon The Nirma Girl For Halloween,https://www.ndtv.com/lifestyle/in-a-printed-white-frock-tania-shroff-goes-as-pop-cult-indian-brand-icon-the-washing-powder-nirma-girl-for-her-halloween-2023-costume-4530707#pfrom=home-ndtv_lifestyle
Hailey Bieber Is Sensuous And Spooky As Scary Movie's Carmen Electra,https://www.ndtv.com/lifestyle/hailey-bieber-is-both-sensuous-and-spooky-in-a-white-bikini-set-as-her-halloween-costume-as-carmen-electra-from-scary-movie-4530545#pfrom=home-ndtv_lifestyle
"From Handbags To Lip Balm, 10 Autumn Launches In India You Can't Miss",https://swirlster.ndtv.com/wellness/from-an-india-exclusive-handbag-to-hershey-kisses-lip-balm-10-autumn-launches-in-india-you-cant-miss-4532379#pfrom=home-ndtv_lifestyle
"""Not Thinking About Long,Term Future"" Messi After Winning 8th Ballon d'Or",https://sports.ndtv.com/football/not-thinking-about-long-term-future-lionel-messi-after-claiming-eighth-ballon-dor-4530233#pfrom=home-ndtv_sports
Iga Swiatek Off The Mark With WTA Finals Opening Win,https://sports.ndtv.com/tennis/iga-swiatek-off-the-mark-with-wta-finals-opening-win-4530188#pfrom=home-ndtv_sports
Paris Masters Murray Misses Match Point As De Minaur Jinx Continues,https://sports.ndtv.com/tennis/paris-masters-andy-murray-misses-match-point-as-alex-de-minaur-jinx-continues-4530249#pfrom=home-ndtv_sports
Digestion Try These Homemade Drinks Before Bed To Relieve Constipation,https://www.ndtv.com/health/digestion-try-these-homemade-drinks-before-bed-to-relieve-constipation-4499569#pfrom=home-ndtv_health
10 Health Benefits Of Consuming Jaggery,https://www.ndtv.com/health/10-health-benefits-of-consuming-jaggery-4500589#pfrom=home-ndtv_health
These Ayurvedic Herbs Can Provide Relief From Joint Pain,https://www.ndtv.com/health/world-osteoporosis-day-2023-these-ayurvedic-herbs-can-provide-relief-from-joint-pain-heres-how-4495299#pfrom=home-ndtv_health
Capturing The Divine Exploring Temples In Indian Paintings,https://blog.mojarto.com/exploring-temples-in-indian-paintings/#pfrom=home-ndtv_specialprojects
Buying Indian Paintings Online A Trend Today,https://blog.mojarto.com/buy-indian-paintings-online/#pfrom=home-ndtv_specialprojects
Vastu Paintings 5 Artworks That Exude Positivity For Your Space,https://blog.mojarto.com/vastu-paintings-that-exude-positivity/#pfrom=home-ndtv_specialprojects
Waste Management A Significant Challenge For India And World World Bank,https://swachhindia.ndtv.com/waste-management-a-significant-challenge-for-india-and-world-world-bank-84823/#pfrom=home-ndtv_campaigns
India Is Reaching The Last Mile Through Health and Wellness Centres Union Health Minister,https://swachhindia.ndtv.com/india-is-following-a-holistic-inclusive-approach-to-enhance-healthcare-sector-union-health-minister-84781/#pfrom=home-ndtv_campaigns
"No Relief To People In India, As The Air Quality Continues To Deteriorate In Several States",https://swachhindia.ndtv.com/no-relief-to-people-in-india-as-the-air-quality-continues-to-deteriorate-in-several-states-84828/#pfrom=home-ndtv_campaigns
"Climate Change,Induced Surge In Humidity Fuels Discomfort, Drives Power Demand In Delhi Report",https://swachhindia.ndtv.com/climate-change-induced-surge-in-humidity-fuels-discomfort-drives-power-demand-in-delhi-report-84820/#pfrom=home-ndtv_campaigns
Kailash Satyarthi Foundation Is Involving All Stakeholders To Make India Child Marriage Free,https://special.ndtv.com/justice-for-every-child-87/video-detail/kailash-satyarthi-foundation-is-involving-all-stakeholders-to-make-india-child-marriage-free-706475#pfrom=home-ndtv_campaigns
Stakeholders From Several States Working Towards Eliminating Child Marriages,https://special.ndtv.com/justice-for-every-child-87/video-detail/stakeholders-from-several-states-working-towards-eliminating-child-marriages-706486#pfrom=home-ndtv_campaigns
